ds,water_area_km2,Rainfall,Average_Temperature,Max_Temperature,Average_Humidity,Max_Humidity,Average_Wind_Speed,Max_Wind_Speed,mean_ndwi,month,day_of_year,month_sin,month_cos,day_sin,day_cos,lag1,lag3,lag7,lag14,rolling_avg_7,rolling_std_7,expanding_mean,month_year,monthly_mean,monthly_max,y
2017-11-17,9.052354465646063,0.0,26.808333333333337,29.3,79.5,96,8.420833333333334,12.7,-0.3918116638015575,11,321,-0.5000000000000004,0.8660254037844384,-0.6870527672236675,0.726607524768565,8.692687651082831,8.455570637562946,9.36272864388667,11.199878714864337,8.691868953218826,0.27335415076655833,9.080762553079346,2017-11,9.052354465646063,9.052354465646063,2.2030248869301094
2017-12-07,7.881802372511921,1.1,25.754166666666663,28.4,86.70833333333333,95,8.229166666666666,13.0,-0.3504890256390005,12,341,-2.4492935982947064e-16,1.0,-0.4014879892059737,0.9158642882672868,9.052354465646063,8.338468216184129,8.848279182454187,12.841874287252514,8.553800837512787,0.39720671020562365,9.005827541793883,2017-12,9.155083070442066,10.202282166021606,2.064556606460524
2017-12-22,10.202282166021606,0.0,25.95416666666667,30.2,73.25,91,14.766666666666666,20.5,-0.4284547091611919,12,356,-2.4492935982947064e-16,1.0,-0.154308820664281,0.9880226656636976,7.881802372511921,8.692687651082831,8.492701262652467,6.990634452149394,8.798026680851235,0.7351726235277097,9.076207225571984,2017-12,9.155083070442066,10.202282166021606,2.322611438010766
2017-12-27,9.381164672792671,1.0,26.254166666666663,29.5,77.45833333333333,91,15.85,22.7,-0.2623612759658786,12,361,-2.4492935982947064e-16,1.0,-0.06880242680232064,0.9976303053065857,10.202282166021606,9.052354465646063,8.963021256949151,8.239966892970903,8.857761454543168,0.7671073070845725,9.093149305973133,2017-12,9.155083070442066,10.202282166021606,2.2387039219191247
2018-01-01,9.560334183726347,0.4,25.56666666666668,29.5,79.29166666666667,94,9.704166666666667,15.2,-0.4593454111530408,1,1,0.49999999999999994,0.8660254037844387,0.017213356155834685,0.9998518392091162,9.381164672792671,7.881802372511921,8.455570637562946,7.958564395296939,9.015584818280796,0.7840296774818468,9.117737983749619,2018-01,9.560334183726347,9.560334183726347,2.257622683955067
2018-02-05,9.91124223154512,1.1,27.09583333333333,33.6,69.91666666666667,84,14.791666666666666,18.4,-0.4290363951695443,2,36,0.8660254037844386,0.5000000000000001,0.5808002734538009,0.8140460935082178,9.560334183726347,10.202282166021606,8.338468216184129,8.753162195494646,9.240266820475224,0.7830023952031755,9.157413196139393,2018-02,9.694124014917946,10.460755267385684,2.2936696928113913
2018-02-10,10.460755267385684,0.1,26.57083333333333,31.3,76.41666666666667,95,10.708333333333334,16.7,-0.4013959212204053,2,41,0.8660254037844386,0.5000000000000001,0.6486295610349814,0.7611042586607747,9.91124223154512,9.381164672792671,8.692687651082831,10.021546041743017,9.492847908518486,0.8584603626447631,9.219477104293977,2018-02,9.694124014917946,10.460755267385684,2.3476306622810523
2018-02-15,9.1654438110105,0.7,27.96666666666667,33.3,69.95833333333333,91,15.866666666666667,21.3,-0.3253312260531203,2,46,0.8660254037844386,0.5000000000000001,0.7116566222817746,0.702527474169157,10.460755267385684,9.560334183726347,9.052354465646063,9.36272864388667,9.509003529284836,0.8498094989141257,9.217021045508366,2018-02,9.694124014917946,10.460755267385684,2.2154403057613563
2018-02-20,9.239054749730483,0.0,26.304166666666664,33.2,59.5,81,15.304166666666664,20.1,-0.4651743650757377,2,51,0.8660254037844386,0.5000000000000001,0.7694148268839378,0.6387494220515272,9.1654438110105,9.91124223154512,7.881802372511921,8.848279182454187,9.702896726030344,0.49916327379567366,9.217979032648458,2018-02,9.694124014917946,10.460755267385684,2.2234395816902537
2018-03-07,8.3703732419436,0.0,26.77083333333333,30.6,70.875,84,12.216666666666669,17.9,-0.2889740721640526,3,66,1.0,6.123233995736766e-17,0.9070138128026359,0.4211008707960896,9.239054749730483,10.460755267385684,10.202282166021606,8.492701262652467,9.44119545116206,0.65087171809967,9.182662124702423,2018-03,8.62752321178513,8.830790268517827,2.124698477526646
2018-03-22,8.681406124893963,0.5,28.14583333333333,30.8,79.625,90,10.595833333333331,16.5,-0.2733493447818897,3,81,1.0,6.123233995736766e-17,0.9844738167520922,0.1755314904214282,8.3703732419436,9.1654438110105,9.381164672792671,8.963021256949151,9.341229944319384,0.7124521467653347,9.162611884710083,2018-03,8.62752321178513,8.830790268517827,2.161183512659744
2018-03-27,8.830790268517827,1.3,27.26666666666667,30.8,82.66666666666667,94,7.229166666666667,15.4,-0.2798948899886296,3,86,1.0,6.123233995736766e-17,0.995918996147179,0.09025161003104117,8.681406124893963,9.239054749730483,9.560334183726347,8.455570637562946,9.237009385003883,0.7282441084097706,9.149849514856536,2018-03,8.62752321178513,8.830790268517827,2.1782445098769405
2018-04-01,8.420242457068827,3.5,27.73333333333333,30.9,81.41666666666667,92,10.754166666666668,15.9,-0.252392994417098,4,91,0.8660254037844387,-0.49999999999999983,0.9999907397361901,0.004303538296244289,8.830790268517827,8.3703732419436,9.91124223154512,8.338468216184129,9.024009417221555,0.7161205983035388,9.122827031234769,2018-04,7.9123368090020865,8.420242457068827,2.130638624403616
2018-04-11,7.404431160935345,8.8,27.104166666666668,31.9,85.5,98,5.379166666666666,13.8,-0.3498529198707119,4,101,0.8660254037844387,-0.49999999999999983,0.9859481499638304,-0.16705162550211924,8.420242457068827,8.681406124893963,10.460755267385684,8.692687651082831,8.58739168772865,0.6193171059328383,9.061455750152646,2018-04,7.9123368090020865,8.420242457068827,2.0020786278799765
2018-05-11,9.66269044059388,12.9,27.3375,29.8,85.20833333333333,95,11.204166666666666,15.7,-0.3870539934283585,5,131,0.49999999999999994,-0.8660254037844387,0.7748840413670407,-0.6321034111873487,7.404431160935345,8.830790268517827,9.1654438110105,9.052354465646063,8.658426920526276,0.717417031997282,9.082187980857515,2018-05,9.66269044059388,9.66269044059388,2.26827212400068
2018-07-05,8.376094273404949,4.0,27.3125,28.7,83.20833333333333,90,18.8125,24.5,-0.2902042830403166,7,186,-0.4999999999999998,-0.8660254037844388,-0.060213277365792774,-0.9981855344718586,9.66269044059388,8.420242457068827,9.239054749730483,7.881802372511921,8.53514685247977,0.673834847241273,9.058651523942432,2018-07,8.376094273404949,8.376094273404949,2.125381729880832
2018-09-08,9.287708901808791,0.0,26.825,29.0,80.5,90,15.929166666666664,19.9,-0.3432691162601656,9,251,-1.0,-1.8369701987210297e-16,-0.9242907221930934,-0.3816892202666586,8.376094273404949,7.404431160935345,8.3703732419436,10.202282166021606,8.666194803889082,0.7237984001687613,9.06604047161554,2018-09,9.537229951325417,9.786751000842042,2.2286919036599433
2018-09-13,9.786751000842042,0.3,27.412500000000005,29.8,77.95833333333333,87,14.866666666666667,19.1,-0.4037392808653458,9,256,-1.0,-1.8369701987210297e-16,-0.9536809966304455,-0.300819807635668,9.287708901808791,9.66269044059388,8.681406124893963,9.381164672792671,8.824101214738809,0.839064807653142,9.088562675653867,2018-09,9.537229951325417,9.786751000842042,2.2810295333151185
2018-10-18,10.89280850758822,0.9,26.729166666666668,29.2,85.04166666666667,95,7.445833333333333,10.6,-0.3566430014099623,10,291,-0.8660254037844386,0.5000000000000001,-0.9562348265919058,0.2926003356333479,9.786751000842042,8.376094273404949,8.830790268517827,9.560334183726347,9.118675248891721,1.1471897981240995,9.143236791773091,2018-10,10.89280850758822,10.89280850758822,2.38810280246313
2018-11-17,14.14045770695562,2.4,26.133333333333336,29.3,87.29166666666667,96,6.383333333333333,12.3,-0.158417388595238,11,321,-0.5000000000000004,0.8660254037844384,-0.6870527672236675,0.726607524768565,10.89280850758822,9.287708901808791,8.420242457068827,9.91124223154512,9.935848856018408,2.158407914785565,9.290213877513752,2018-11,13.031732121704586,14.14045770695562,2.64904003030913
2018-11-22,11.92300653645355,1.6,26.54583333333333,29.7,83.54166666666667,94,5.400000000000001,9.7,-0.3631877326094985,11,326,-0.5000000000000004,0.8660254037844384,-0.622046748440868,0.7829801036770625,14.14045770695562,9.786751000842042,7.404431160935345,10.460755267385684,10.581359623949579,1.939771438382237,9.365436524912033,2018-11,13.031732121704586,14.14045770695562,2.478469856884781
2018-12-02,12.012617251455266,0.0,26.52500000000001,31.4,74.58333333333333,90,12.841666666666669,16.9,-0.4928730694622873,12,336,-2.4492935982947064e-16,1.0,-0.4787338401157883,0.8779600847008883,11.92300653645355,10.89280850758822,9.66269044059388,9.1654438110105,10.917063454072634,1.9575471597517018,9.438969322871566,2018-12,10.210811753384936,12.012617251455266,2.485957535868352
2018-12-17,9.226035923243142,0.0,25.125,29.3,79.83333333333333,95,7.233333333333334,11.9,-0.4673612427857107,12,351,-2.4492935982947064e-16,1.0,-0.23867276600594997,0.9711000518829505,12.012617251455266,14.14045770695562,8.376094273404949,9.239054749730483,11.038483689763806,1.7931255260663765,9.433214366124853,2018-12,10.210811753384936,12.012617251455266,2.2220294799083544
2018-12-27,9.3937820854564,0.4,26.154166666666665,29.9,86.66666666666667,97,8.554166666666667,11.8,-0.3382166336535817,12,361,-2.4492935982947064e-16,1.0,-0.06880242680232064,0.9976303053065857,9.226035923243142,11.92300653645355,9.287708901808791,8.3703732419436,11.053637001713463,1.776232837703438,9.432176674528314,2018-12,10.210811753384936,12.012617251455266,2.240047991195296
2019-01-01,8.426005265501491,0.0,25.579166666666666,29.3,73.75,86,17.229166666666668,22.4,-0.3008774311386039,1,1,0.49999999999999994,0.8660254037844387,0.017213356155834685,0.9998518392091162,9.3937820854564,12.012617251455266,9.786751000842042,8.681406124893963,10.859244753807669,1.998538988946647,9.40637740763019,2019-01,9.918109158489388,10.776312853663304,2.1313227896545985
2019-01-06,10.776312853663304,0.0,25.3125,29.8,68.79166666666667,90,14.85,19.9,-0.4451259980273458,1,6,0.49999999999999994,0.8660254037844387,0.10310169744743485,0.9946708199115211,8.426005265501491,9.226035923243142,10.89280850758822,8.830790268517827,10.842602517532683,1.9986979498469915,9.440625793781019,2019-01,9.918109158489388,10.776312853663304,2.37735047206293
2019-01-11,9.863145255961337,0.0,26.08333333333333,30.6,70.29166666666667,84,15.479166666666666,21.9,-0.4111504243212796,1,11,0.49999999999999994,0.8660254037844387,0.1882267098432442,0.9821256058680006,10.776312853663304,9.3937820854564,14.14045770695562,8.420242457068827,10.231557881676355,1.3807377144190494,9.450931146517124,2019-01,9.918109158489388,10.776312853663304,2.2888051102382647
2019-01-26,10.4093704289309,0.3,27.64166666666667,33.2,73.75,92,13.125,17.4,-0.3982772834556045,1,26,0.49999999999999994,0.8660254037844387,0.4327755925504312,0.901501684131884,9.863145255961337,8.426005265501491,11.92300653645355,7.404431160935345,10.015324152030262,1.1748715806044345,9.473751129431738,2019-01,9.918109158489388,10.776312853663304,2.3427064042304595
2019-01-26,10.4093704289309,0.3,27.64166666666667,33.2,73.75,92,13.125,17.4,-0.3982772834556045,1,26,0.49999999999999994,0.8660254037844387,0.4327755925504312,0.901501684131884,10.4093704289309,10.776312853663304,12.012617251455266,9.66269044059388,9.78628889166964,0.8247052074712375,9.495509717792183,2019-01,9.918109158489388,10.776312853663304,2.3427064042304595
2019-01-31,9.6244507179484,0.0,27.5,33.1,65.41666666666667,89,18.525,24.6,-0.3609305732611435,1,31,0.49999999999999994,0.8660254037844387,0.5086709438521044,0.8609610158889943,10.4093704289309,9.863145255961337,9.226035923243142,8.376094273404949,9.843205290913247,0.7927235694851628,9.498440195068461,2019-01,9.918109158489388,10.776312853663304,2.2643068113193117
2019-02-10,10.341250225305172,12.2,26.445833333333336,30.2,84.0,97,8.383333333333333,14.2,-0.3572921899984276,2,41,0.8660254037844386,0.5000000000000001,0.6486295610349814,0.7611042586607747,9.6244507179484,10.4093704289309,9.3937820854564,9.287708901808791,9.978557882320215,0.7840375434006202,9.5171693068515,2019-02,9.761031846738804,10.341250225305172,2.336140774276291
2019-02-15,9.432684226755896,2.6,27.29583333333333,31.9,79.33333333333333,92,10.291666666666666,15.2,-0.3385704269953872,2,46,0.8660254037844386,0.5000000000000001,0.7116566222817746,0.702527474169157,10.341250225305172,10.4093704289309,8.426005265501491,9.786751000842042,10.122369162499416,0.48837755996617876,9.515332674675507,2019-02,9.761031846738804,10.341250225305172,2.244180704789183
2019-02-20,9.180588017375868,0.0,28.38333333333333,33.7,65.375,88,16.741666666666664,20.2,-0.3748739584564095,2,51,0.8660254037844386,0.5000000000000001,0.7694148268839378,0.6387494220515272,9.432684226755896,9.6244507179484,10.776312853663304,10.89280850758822,9.894408471601212,0.5044175988875268,9.508210447924451,2019-02,9.761031846738804,10.341250225305172,2.2170912578506505
2019-02-25,10.089604917518283,0.2,27.412500000000005,32.3,75.29166666666667,89,10.0125,16.4,-0.432561265723192,2,56,0.8660254037844386,0.5000000000000001,0.8214765533024142,0.5702422926917871,9.180588017375868,10.341250225305172,9.863145255961337,14.14045770695562,9.92675985182363,0.5093166444094794,9.520322832707656,2019-02,9.761031846738804,10.341250225305172,2.311505678744465
2019-03-22,10.994863048690494,0.2,28.0125,31.4,81.25,98,5.9875,14.4,-0.2464265204391563,3,81,1.0,6.123233995736766e-17,0.9844738167520922,0.1755314904214282,10.089604917518283,9.432684226755896,10.4093704289309,11.92300653645355,10.010401654646431,0.6344788514206583,9.550415490176693,2019-03,10.25122024154567,10.994863048690494,2.397428169057902
2019-03-27,9.507577434400847,0.0,28.0875,33.3,74.33333333333333,93,8.945833333333333,19.1,-0.3888029702913171,3,86,1.0,6.123233995736766e-17,0.995918996147179,0.09025161003104117,10.994863048690494,9.180588017375868,10.4093704289309,12.012617251455266,9.881574083999281,0.6315141579700928,9.549558729061177,2019-03,10.25122024154567,10.994863048690494,2.252089106398551
2019-04-01,9.752532028670007,0.0,28.71666666666667,32.4,72.625,93,10.954166666666666,17.9,-0.3343859001627506,4,91,0.8660254037844387,-0.49999999999999983,0.9999907397361901,0.004303538296244289,9.507577434400847,10.089604917518283,9.6244507179484,9.226035923243142,9.899871414102366,0.6246407862326439,9.553538597680959,2019-04,10.528411935535384,11.035261573011448,2.2775269475683624
2019-04-06,11.035261573011448,1.0,28.629166666666663,31.5,74.20833333333333,93,7.5,14.5,-0.2902008413760971,4,96,0.8660254037844387,-0.49999999999999983,0.9966589017541702,-0.08167639533042241,9.752532028670007,10.994863048690494,10.341250225305172,9.3937820854564,9.99901589234612,0.7490599481969862,9.582033270283468,2019-04,10.528411935535384,11.035261573011448,2.401095744276992
2019-04-16,10.797442204924698,3.9,28.1625,31.8,80.375,92,8.583333333333334,13.8,-0.3158771464339669,4,106,0.8660254037844387,-0.49999999999999983,0.9679377830240642,-0.25119006388481935,11.035261573011448,9.507577434400847,9.432684226755896,8.426005265501491,10.193981317798807,0.7546762260810098,9.604965514333301,2019-04,10.528411935535384,11.035261573011448,2.3793092741296418
2019-05-06,8.261953369356043,0.0,29.066666666666663,31.0,72.08333333333333,81,16.845833333333335,20.6,-0.3715841440844862,5,126,0.49999999999999994,-0.8660254037844387,0.8263541987239096,-0.5631507242749186,10.797442204924698,9.752532028670007,9.180588017375868,10.776312853663304,10.062747796653117,1.0002022787072473,9.580094919055945,2019-05,8.908482458193252,10.8304729148842,2.111661046179185
2019-05-11,7.521209834791715,1.7,29.024999999999995,31.0,77.5,85,16.908333333333335,20.6,-0.3369129244255068,5,131,0.49999999999999994,-0.8660254037844387,0.7748840413670407,-0.6321034111873487,8.261953369356043,11.035261573011448,10.089604917518283,9.863145255961337,9.695834213406465,1.3855650143312253,9.542660644796596,2019-05,8.908482458193252,10.8304729148842,2.0177270086372867
2019-05-16,9.020293713741044,3.4,28.08333333333333,30.1,85.08333333333333,91,17.333333333333332,20.9,-0.3790270153951413,5,136,0.49999999999999994,-0.8660254037844387,0.717676913675962,-0.6963762255968722,7.521209834791715,10.797442204924698,10.994863048690494,10.4093704289309,9.413752879842258,1.273488146404943,9.53333266388489,2019-05,8.908482458193252,10.8304729148842,2.199476897152004
2019-05-21,10.8304729148842,1.7,28.016666666666666,30.1,82.70833333333333,93,15.416666666666666,20.1,-0.1998455021364937,5,141,0.49999999999999994,-0.8660254037844387,0.6551563572090853,-0.7554933140726803,9.020293713741044,8.261953369356043,9.507577434400847,10.4093704289309,9.602737948482737,1.3831677092620411,9.556089510393647,2019-05,8.908482458193252,10.8304729148842,2.382363728100494
2019-07-25,10.747551947826906,5.6,27.191666666666663,28.8,82.29166666666667,90,20.02083333333333,25.3,-0.2304498711322548,7,206,-0.4999999999999998,-0.8660254037844388,-0.39359027665646645,-0.9192859697186105,10.8304729148842,7.521209834791715,9.752532028670007,9.6244507179484,9.744883651219437,1.4506113936694016,9.576631966211464,2019-07,10.747551947826906,10.747551947826906,2.3746780037871194
2019-08-14,7.995491203536926,1.0,27.629166666666663,28.8,80.79166666666667,86,22.175,26.9,-0.4191350193769902,8,226,-0.8660254037844384,-0.5000000000000004,-0.6807734094770159,-0.7324940716135792,10.747551947826906,9.020293713741044,11.035261573011448,10.341250225305172,9.310630741294505,1.4549289856194172,9.549832970233929,2019-08,7.995491203536926,7.995491203536926,2.0788777844907256
2019-09-08,7.9657177124581136,0.1,28.004166666666663,29.7,81.66666666666667,87,17.725,22.8,-0.4016822964317003,9,251,-1.0,-1.8369701987210297e-16,-0.9242907221930934,-0.3816892202666586,7.995491203536926,10.8304729148842,10.797442204924698,9.432684226755896,8.906098670942136,1.3634251888974274,9.523431049271,2019-09,7.9657177124581136,7.9657177124581136,2.0751470488388777
2019-10-03,10.261530179225064,14.3,26.291666666666668,28.5,89.875,99,7.566666666666666,12.3,-0.2657081391673467,10,276,-0.8660254037844386,0.5000000000000001,-0.9992500112396835,0.03872228089217399,7.9657177124581136,10.747551947826906,8.261953369356043,9.180588017375868,9.191752500923425,1.4144877815149082,9.535531035007951,2019-10,11.582927523658265,13.34361000814688,2.3284019698721794
2019-10-13,11.143642383602849,20.8,25.916666666666668,29.2,88.58333333333333,96,6.0625,14.7,-0.3552440418055632,10,286,-0.8660254037844386,0.5000000000000001,-0.9778483415056568,0.20931464596304888,10.261530179225064,7.995491203536926,7.521209834791715,10.089604917518283,9.7092428650393,1.3631606337479243,9.561468314824,2019-10,11.582927523658265,13.34361000814688,2.4108691463720673
2019-10-18,13.34361000814688,28.9,26.15416666666667,30.1,87.875,96,5.0875,9.1,-0.3776574412816302,10,291,-0.8660254037844386,0.5000000000000001,-0.9562348265919058,0.2926003356333479,11.143642383602849,7.9657177124581136,9.020293713741044,10.994863048690494,10.326859478525849,1.8802953273995535,9.621502309956107,2019-10,11.582927523658265,13.34361000814688,2.591037619930548
2019-11-07,11.09959447522786,2.3,27.3375,29.8,85.29166666666667,94,9.145833333333334,15.0,-0.360115463369308,11,311,-0.5000000000000004,0.8660254037844384,-0.8013610881746769,0.5981809144059159,13.34361000814688,10.261530179225064,10.8304729148842,9.507577434400847,10.3653054157178,1.895002610406513,9.644597500038477,2019-11,12.784742801300965,16.756233467523078,2.4069085747885923
2019-11-12,10.49840046115196,1.8,26.441666666666663,29.7,84.75,97,8.395833333333334,13.4,-0.4344444162336762,11,316,-0.5000000000000004,0.8660254037844384,-0.7469720876965551,0.6648553979642867,11.09959447522786,11.143642383602849,10.747551947826906,9.752532028670007,10.329712346192808,1.8889566420958066,9.657732930209454,2019-11,12.784742801300965,16.756233467523078,2.3512229094783925
2019-11-17,16.756233467523078,1.8,26.52083333333333,30.6,85.75,97,5.654166666666666,9.8,-0.4794686339555211,11,321,-0.5000000000000004,0.8660254037844384,-0.6870527672236675,0.726607524768565,10.49840046115196,13.34361000814688,7.995491203536926,11.035261573011448,11.581246955333686,2.777773581163154,9.7652859686536,2019-11,12.784742801300965,16.756233467523078,2.818770336953042
2019-12-27,11.182639965818632,0.0,26.229166666666668,30.7,76.625,87,13.4625,15.4,-0.5163108144732628,12,361,-2.4492935982947064e-16,1.0,-0.06880242680232064,0.9976303053065857,16.756233467523078,11.09959447522786,7.9657177124581136,10.797442204924698,12.040807277242333,2.3059568660659546,9.786440505924721,2019-12,11.182639965818632,11.182639965818632,2.41436257364591
2020-01-01,8.944068110739554,2.3,26.8625,30.5,83.20833333333333,94,8.683333333333332,13.2,-0.3370941627325853,1,1,0.49999999999999994,0.8660254037844387,0.017213356155834685,0.9998518392091162,11.182639965818632,10.49840046115196,10.261530179225064,8.261953369356043,11.852598410315832,2.519280017506177,9.774052676583763,2020-01,9.675825232379793,10.4331825059745,2.190990532745496
2020-01-06,10.204148557789756,0.2,27.53333333333333,32.0,74.33333333333333,93,16.09583333333333,20.5,-0.4626953506548107,1,6,0.49999999999999994,0.8660254037844387,0.10310169744743485,0.9946708199115211,8.944068110739554,16.756233467523078,11.143642383602849,7.521209834791715,11.718385006628244,2.5874474694832053,9.780285950224428,2020-01,9.675825232379793,10.4331825059745,2.322794359933447
2020-01-16,9.736571406551343,0.0,25.8,31.6,73.625,83,13.695833333333333,23.9,-0.4833715312431336,1,16,0.49999999999999994,0.8660254037844387,0.2719581575341055,0.9623090774541486,10.204148557789756,11.182639965818632,13.34361000814688,9.020293713741044,11.203093777828883,2.568944657849335,9.779661456743385,2020-01,9.675825232379793,10.4331825059745,2.27588904506315
2020-01-26,9.061155580843812,0.0,26.4875,32.3,71.66666666666667,87,14.829166666666666,19.4,-0.4709357699310826,1,26,0.49999999999999994,0.8660254037844387,0.4327755925504312,0.901501684131884,9.736571406551343,8.944068110739554,11.09959447522786,10.8304729148842,10.911888221488303,2.695070881328701,9.769541655674377,2020-01,9.675825232379793,10.4331825059745,2.2039966605795067
2020-01-31,10.4331825059745,0.0,27.620833333333337,34.1,62.41666666666666,85,13.608333333333334,16.6,-0.4834000379302222,1,31,0.49999999999999994,0.8660254037844387,0.5086709438521044,0.8609610158889943,9.061155580843812,10.204148557789756,10.49840046115196,10.747551947826906,10.902571370748669,2.696850686154712,9.778758889706323,2020-01,9.675825232379793,10.4331825059745,2.3449913534356113
2020-02-10,10.454985005434516,0.0,27.808333333333337,33.9,56.66666666666666,77,17.120833333333334,23.2,-0.4655891057244543,2,41,0.8660254037844386,0.5000000000000001,0.6486295610349814,0.7611042586607747,10.4331825059745,9.736571406551343,16.756233467523078,7.995491203536926,10.00239301902173,0.8063030754887496,9.788022261154655,2020-02,10.614146886210996,10.789702741627648,2.3470788996356213
2020-02-15,10.789702741627648,0.0,27.4875,32.9,68.29166666666667,81,12.6625,23.7,-0.4394984920422727,2,46,0.8660254037844386,0.5000000000000001,0.7116566222817746,0.702527474169157,10.454985005434516,9.061155580843812,11.182639965818632,7.9657177124581136,9.946259129851589,0.719440123353863,9.801558483863749,2020-02,10.614146886210996,10.789702741627648,2.378592230385261
2020-02-20,10.597752911570822,0.0,28.53333333333333,35.0,60.125,80,18.28333333333333,21.9,-0.4087605811374321,2,51,0.8660254037844386,0.5000000000000001,0.7694148268839378,0.6387494220515272,10.789702741627648,10.4331825059745,8.944068110739554,10.261530179225064,10.182499815684627,0.5965112773282271,9.81217440956651,2020-02,10.614146886210996,10.789702741627648,2.3606419901142224
2020-03-01,10.05795996064477,0.0,28.329166666666666,35.3,66.29166666666667,86,14.075000000000005,22.6,-0.3516297425127998,3,61,1.0,6.123233995736766e-17,0.8674563547295968,0.49751328890718066,10.597752911570822,10.454985005434516,10.204148557789756,11.143642383602849,10.161615730378202,0.5981837393593386,9.815408429975435,2020-03,10.33017201773983,11.553523089152492,2.308364357889474
2020-03-11,10.905020811707496,0.9,27.837499999999995,31.7,77.29166666666667,91,8.616666666666667,15.8,-0.2410980181844741,3,71,1.0,6.123233995736766e-17,0.9398560579418954,0.3415707691678556,10.05795996064477,10.789702741627648,9.736571406551343,13.34361000814688,10.328537073971939,0.6223466356330114,9.829559240127798,2020-03,10.33017201773983,11.553523089152492,2.3892233090243047
2020-03-16,8.77773629613707,3.9,28.370833333333337,33.0,74.375,85,12.566666666666668,22.1,-0.371421310240989,3,76,1.0,6.123233995736766e-17,0.9657399376548549,0.2595117970697999,10.905020811707496,10.597752911570822,9.061155580843812,11.09959447522786,10.288048604728118,0.720086105929928,9.816074330589455,2020-03,10.33017201773983,11.553523089152492,2.1722185505023455
2020-03-21,10.356619931057317,1.9,27.758333333333336,31.0,81.83333333333333,99,8.012500000000001,17.2,-0.2776659231271578,3,81,1.0,6.123233995736766e-17,0.9844738167520922,0.1755314904214282,8.77773629613707,10.05795996064477,10.4331825059745,10.49840046115196,10.277111094025662,0.7180929342409832,9.822916679962468,2020-03,10.33017201773983,11.553523089152492,2.337625923081093
2020-03-31,11.553523089152492,0.6,27.995833333333337,31.8,77.54166666666667,94,9.195833333333333,17.4,-0.2152632864170828,3,91,1.0,6.123233995736766e-17,0.9999907397361901,0.004303538296244289,10.356619931057317,10.905020811707496,10.454985005434516,16.756233467523078,10.434045105985374,0.8678647395971665,9.844549260077342,2020-03,10.33017201773983,11.553523089152492,2.4469904206851933
2020-04-05,10.30653378172487,0.9,28.05416666666667,31.6,80.79166666666667,98,7.162499999999999,12.0,-0.2995862413625175,4,96,0.8660254037844387,-0.49999999999999983,0.9966589017541702,-0.08167639533042241,11.553523089152492,8.77773629613707,10.789702741627648,11.182639965818632,10.365020968856404,0.853966402627133,9.850252772690274,2020-04,10.454993480662193,11.333769065966797,2.3327780428326452
2020-04-10,11.333769065966797,3.7,27.941666666666663,31.5,84.45833333333333,99,4.958333333333333,9.5,-0.2826489480269206,4,101,0.8660254037844387,-0.49999999999999983,0.9859481499638304,-0.16705162550211924,10.30653378172487,10.356619931057317,10.597752911570822,8.944068110739554,10.470166133770116,0.9293789933299396,9.868344434803403,2020-04,10.454993480662193,11.333769065966797,2.427786683088374
2020-04-15,10.780608865649652,3.9,27.09999999999999,30.9,85.625,99,5.520833333333333,13.0,-0.3309669001630559,4,106,0.8660254037844387,-0.49999999999999983,0.9679377830240642,-0.25119006388481935,11.333769065966797,11.553523089152492,10.05795996064477,10.204148557789756,10.573401691627955,0.9159994156865399,9.879335572524441,2020-04,10.454993480662193,11.333769065966797,2.3777490458570156
2020-04-20,10.92777651972608,2.6,28.620833333333337,34.1,81.58333333333333,99,6.366666666666667,11.8,-0.4339545768784347,4,111,0.8660254037844387,-0.49999999999999983,0.9427611433904207,-0.3334687789181868,10.780608865649652,10.30653378172487,10.905020811707496,9.736571406551343,10.576652507059181,0.9174117469461722,9.89181701237208,2020-04,10.454993480662193,11.333769065966797,2.391307853289739
2020-04-25,8.926279170243562,2.0,28.5625,31.2,84.04166666666667,95,9.125,13.5,-0.3013899953443558,4,116,0.8660254037844387,-0.49999999999999983,0.9106046300942163,-0.4132786077829042,10.92777651972608,11.333769065966797,8.77773629613707,9.061155580843812,10.597872917645825,0.8693241011253379,9.880457743641156,2020-04,10.454993480662193,11.333769065966797,2.188999642913068
2020-05-05,10.050477236136157,1.4,28.325,31.4,82.45833333333333,93,10.904166666666669,16.6,-0.2940791662751519,5,126,0.49999999999999994,-0.8660254037844387,0.8263541987239096,-0.5631507242749186,8.926279170243562,10.780608865649652,10.356619931057317,10.4331825059745,10.5541382469428,0.8909167876810289,9.882434714484122,2020-05,10.050477236136157,10.050477236136157,2.3076201205553315
2020-06-04,9.422431856758378,0.1,28.366666666666664,30.2,76.875,86,17.933333333333334,21.4,-0.4912788114109693,6,156,1.2246467991473532e-16,-1.0,0.440518784350495,-0.8977433935342337,10.050477236136157,10.92777651972608,11.553523089152492,10.454985005434516,10.24969664231507,0.8559198552608849,9.87714732531486,2020-06,8.279449985750082,9.422431856758378,2.2430932152238436
2020-06-09,9.026113114658008,2.2,28.258333333333336,29.7,82.95833333333333,88,18.85833333333333,23.4,-0.3415886668967435,6,161,1.2246467991473532e-16,-1.0,0.36171373072976765,-0.9322892131745133,9.422431856758378,8.926279170243562,10.30653378172487,10.789702741627648,10.066779404162661,0.9708508268887259,9.867476482011941,2020-06,8.279449985750082,9.422431856758378,2.2001218345256945
2020-06-14,7.464699614151778,3.1,28.23333333333333,29.8,81.79166666666667,89,19.575,22.6,-0.2367798370934107,6,166,1.2246467991473532e-16,-1.0,0.28023067519921585,-0.9599326896597447,9.026113114658008,10.050477236136157,11.333769065966797,10.597752911570822,9.514055196760518,1.2029364109509473,9.840478989114636,2020-06,8.279449985750082,9.422431856758378,2.0101851922916723
2020-06-19,7.204555357432166,3.8,28.241666666666664,29.5,82.625,91,20.58333333333333,25.8,-0.2602923682446034,6,171,1.2246467991473532e-16,-1.0,0.19667288979357647,-0.980469160361632,7.464699614151778,9.422431856758378,10.780608865649652,10.05795996064477,9.003190409872305,1.3282248523909632,9.81119094876261,2020-06,8.279449985750082,9.422431856758378,1.9747135158792568
2020-08-18,7.641649157940074,2.2,27.370833333333337,29.2,83.45833333333333,91,16.7375,20.0,-0.3213666309972887,8,231,-0.8660254037844384,-0.5000000000000004,-0.7412220108485957,-0.6712599575675315,7.204555357432166,9.026113114658008,10.92777651972608,10.905020811707496,8.533743643902875,1.0948507185130232,9.787349830182142,2020-08,8.46051935584884,8.928926606787584,2.0336134395621013
2020-08-23,8.810982302818863,2.1,27.40416666666667,29.2,84.08333333333333,91,15.245833333333332,19.4,-0.4012671281917665,8,236,-0.8660254037844384,-0.5000000000000004,-0.7961828637826154,-0.6050560696488494,7.641649157940074,7.464699614151778,8.926279170243562,8.77773629613707,8.517272662842204,1.0888117879144803,9.776737139667324,2020-08,8.46051935584884,8.928926606787584,2.1759989334848777
2020-08-28,8.928926606787584,1.5,27.616666666666664,29.1,79.91666666666667,84,17.3875,24.1,-0.3721317716416145,8,241,-0.8660254037844384,-0.5000000000000004,-0.8452490573530634,-0.5343725582809785,8.810982302818863,7.204555357432166,10.050477236136157,10.356619931057317,8.357051144363835,0.8899543825501052,9.767620897378295,2020-08,8.46051935584884,8.928926606787584,2.189296187976006
2020-09-27,0.5322763099250344,2.4,27.166666666666668,29.1,83.08333333333333,93,14.554166666666664,18.4,-0.416188666533756,9,271,-1.0,-1.8369701987210297e-16,-0.9988797155850335,-0.04732138832243232,8.928926606787584,7.641649157940074,9.422431856758378,11.553523089152492,7.087028923387643,2.987570999798778,9.66937255070326,2020-09,0.5322763099250344,0.5322763099250344,-0.6305925261258019
2020-10-17,8.122315868855315,2.8,27.308333333333337,28.9,78.70833333333333,84,16.154166666666665,20.9,-0.3014187664648374,10,291,-0.8660254037844386,0.5000000000000001,-0.9562348265919058,0.2926003356333479,0.5322763099250344,8.810982302818863,9.026113114658008,10.30653378172487,6.957915031130116,2.908280180548747,9.653087743525912,2020-10,9.419578696340283,10.71684152382525,2.094615320265452
2020-10-22,10.71684152382525,3.1,27.291666666666668,28.7,83.08333333333333,90,19.8,24.7,-0.4384130144533745,10,296,-0.8660254037844386,0.5000000000000001,-0.9275416835791965,0.3737197147904692,8.122315868855315,8.928926606787584,7.464699614151778,11.333769065966797,7.422506732512041,3.243206779109791,9.664168512070697,2020-10,9.419578696340283,10.71684152382525,2.3718164791911254
2020-11-01,8.893590519912058,0.1,27.241666666666664,29.7,84.66666666666667,97,8.1875,14.4,-0.3529838893395166,11,306,-0.5000000000000004,0.8660254037844384,-0.8498170915275277,0.5270777086423724,10.71684152382525,0.5322763099250344,7.204555357432166,10.780608865649652,7.663797470009169,3.286826672238257,9.656224409058751,2020-11,8.893590519912058,8.893590519912058,2.185330852116163
2020-12-11,10.346815437236948,0.0,26.366666666666664,30.8,75.20833333333333,90,13.316666666666665,15.8,-0.4887920554517013,12,346,-2.4492935982947064e-16,1.0,-0.32126966169236515,0.946987753076075,8.893590519912058,8.122315868855315,7.641649157940074,10.92777651972608,8.050249795623008,3.439284191634312,9.66327125628506,2020-12,11.074119362600886,11.801423287964822,2.33667878610895
2020-12-16,11.801423287964822,1.3,25.804166666666664,29.5,84.5,96,7.2875,11.6,-0.3181052617521892,12,351,-2.4492935982947064e-16,1.0,-0.23867276600594997,0.9711000518829505,10.346815437236948,10.71684152382525,8.810982302818863,8.926279170243562,8.47745565064386,3.7235088565569634,9.684868751554554,2020-12,11.074119362600886,11.801423287964822,2.468220142669391
2021-01-05,9.947167349476532,16.0,25.262500000000003,28.5,90.75,97,8.008333333333333,14.0,-0.3746836747482987,1,5,0.49999999999999994,0.8660254037844387,0.08596479873744647,0.9962981749346078,11.801423287964822,8.893590519912058,8.928926606787584,10.050477236136157,8.622918613885137,3.7637574170605244,9.687491737533772,2021-01,8.074556221816039,9.947167349476532,2.2972878231495297
2021-01-25,8.115729816359098,0.0,25.77916666666667,30.9,70.45833333333333,89,12.55,16.7,-0.4090732619795796,1,25,0.49999999999999994,0.8660254037844387,0.4171936026123168,0.9088176373395029,9.947167349476532,10.346815437236948,0.5322763099250344,9.422431856758378,9.70626911480429,1.3891501477332238,9.67192973831422,2021-01,8.074556221816039,9.947167349476532,2.093804132395073
2021-01-30,6.160771499612486,3.9,26.20833333333333,29.8,82.125,93,13.45,17.9,-0.371880869067188,1,30,0.49999999999999994,0.8660254037844387,0.4937755501599772,0.869589389346611,8.115729816359098,11.801423287964822,8.122315868855315,9.026113114658008,9.426048490626743,1.8748515080827373,9.637506618326949,2021-01,8.074556221816039,9.947167349476532,1.8182020147698819
2021-02-09,9.350221217309809,0.0,26.100000000000005,31.0,65.70833333333333,83,17.995833333333334,25.0,-0.4449870910309032,2,40,0.8660254037844386,0.5000000000000001,0.6354323008901774,0.7721565844991642,6.160771499612486,9.947167349476532,10.71684152382525,7.464699614151778,9.230817018267393,1.7871394690206446,9.634717439676297,2021-02,9.257609296104121,10.34675583707969,2.235400003695532
2021-02-14,8.075850833922862,0.0,26.21666666666667,31.4,78.54166666666667,95,14.316666666666668,21.0,-0.2937393720370138,2,45,0.8660254037844386,0.5000000000000001,0.6994583270516471,0.7146733860429609,9.350221217309809,8.115729816359098,8.893590519912058,7.204555357432166,9.11399706312608,1.8388357617770077,9.6197283376979,2021-02,9.257609296104121,10.34675583707969,2.0888782312264036
2021-02-19,10.34675583707969,3.4,26.441666666666663,30.5,78.79166666666667,94,12.483333333333334,20.0,-0.230593162516168,2,50,0.8660254037844386,0.5000000000000001,0.7583058084785625,0.6518989958787126,8.075850833922862,6.160771499612486,10.346815437236948,7.641649157940074,9.113988548817899,1.83882910223902,9.626652409120583,2021-02,9.257609296104121,10.34675583707969,2.3366730258507125
2021-03-01,10.464747926493322,0.0,26.6125,31.6,76.04166666666667,97,10.55,18.1,-0.3992673758976602,3,60,1.0,6.123233995736766e-17,0.8587639582758029,0.5123714121284237,10.34675583707969,9.350221217309809,11.801423287964822,8.810982302818863,8.923034925750544,1.5617702146129724,9.634558970605232,2021-03,10.051674016920538,11.417730834682809,2.348012269271841
2021-03-11,8.91697556465059,1.8,26.570833333333336,32.0,81.33333333333333,96,7.845833333333334,14.0,-0.332306825103882,3,70,1.0,6.123233995736766e-17,0.9338372288229252,0.35769823883312546,10.464747926493322,8.075850833922862,9.947167349476532,8.928926606787584,8.775864670775409,1.4963473931765439,9.627852583633693,2021-03,10.051674016920538,11.417730834682809,2.187956827959868
2021-03-16,9.951485540630742,3.0,27.516666666666666,32.8,76.16666666666667,88,10.829166666666666,17.9,-0.37411395221338,3,75,1.0,6.123233995736766e-17,0.9611297838723007,0.27609697309746883,8.91697556465059,10.34675583707969,8.115729816359098,0.5322763099250344,9.0381154885285,1.5220168138655406,9.630849185087369,2021-03,10.051674016920538,11.417730834682809,2.29772184159706
2021-03-21,10.088617854748051,5.0,26.675,30.0,84.70833333333333,98,5.229166666666667,13.0,-0.2474151711561465,3,80,1.0,6.123233995736766e-17,0.9813064702716093,0.19245158197082998,9.951485540630742,10.464747926493322,6.160771499612486,8.122315868855315,9.59923639640501,0.8679152385866169,9.635048897653062,2021-03,10.051674016920538,11.417730834682809,2.3114078442839
2021-03-26,11.417730834682809,4.4,27.179166666666664,32.2,76.70833333333333,92,7.8875,15.4,-0.3935548823214617,3,85,1.0,6.123233995736766e-17,0.994217906893952,0.10738134666416309,10.088617854748051,8.91697556465059,9.350221217309809,10.71684152382525,9.89459491317258,1.091933915648647,9.651255097080607,2021-03,10.051674016920538,11.417730834682809,2.4351674843690403
2021-03-31,9.470486380317716,0.0,28.633333333333336,31.4,76.04166666666667,87,13.6875,16.6,-0.2414557372847768,3,90,1.0,6.123233995736766e-17,0.9997685019798909,0.021516097436222254,11.417730834682809,9.951485540630742,8.075850833922862,8.893590519912058,10.09382856265756,0.7903688747548426,9.649626550082743,2021-03,10.051674016920538,11.417730834682809,2.24818026705304
2021-04-05,7.571265631798117,0.0,28.995833333333337,32.2,77.625,93,11.608333333333334,16.3,-0.2926352264491142,4,95,0.8660254037844387,-0.49999999999999983,0.9979171608653922,-0.06450844944931623,9.470486380317716,10.088617854748051,10.34675583707969,10.346815437236948,9.69732996190305,1.2211313948059908,9.631069756169486,2021-04,8.280624654728786,8.989983677659456,2.0243602452574754
2021-04-10,8.989983677659456,5.8,27.51666666666667,31.5,79.58333333333333,96,7.479166666666667,12.2,-0.3526686491475603,4,100,0.8660254037844387,-0.49999999999999983,0.9886775902323405,-0.1500553983446526,7.571265631798117,11.417730834682809,10.464747926493322,11.801423287964822,9.486649354926783,1.1935713570800202,9.62539642804108,2021-04,8.280624654728786,8.989983677659456,2.196111033983491
2021-06-19,10.61551992202507,0.3,27.8125,29.5,83.45833333333333,89,16.295833333333334,21.3,-0.470415714493688,6,170,1.2246467991473532e-16,-1.0,0.21352091543979612,-0.9769384927771817,8.989983677659456,9.470486380317716,8.91697556465059,9.947167349476532,9.729298548837422,1.2305382032161005,9.634081721847958,2021-06,10.61551992202507,10.61551992202507,2.3623170748341757
2021-07-19,9.528143205426382,0.0,27.60833333333333,29.0,81.33333333333333,87,22.741666666666664,27.4,-0.4284879741299715,7,200,-0.4999999999999998,-0.8660254037844388,-0.2967128192734901,-0.9549667548552553,10.61551992202507,7.571265631798117,9.951485540630742,8.115729816359098,9.668821072379657,1.2281991799782586,9.633160517357334,2021-07,9.528143205426382,9.528143205426382,2.254249862946162
2021-09-22,9.75290475910333,0.8,27.758333333333336,29.5,80.5,90,16.729166666666668,19.5,-0.3796385607313882,9,265,-1.0,-1.8369701987210297e-16,-0.9886775902323404,-0.15005539834465262,9.528143205426382,8.989983677659456,10.088617854748051,6.160771499612486,9.620862058716126,1.2155643142960892,9.63419279530342,2021-09,9.75290475910333,9.75290475910333,2.277565165675144
2021-10-22,12.56887934515908,10.8,26.070833333333336,29.1,87.0,98,8.462499999999999,11.7,-0.296757462096413,10,295,-0.8660254037844386,0.5000000000000001,-0.9338372288229252,0.35769823883312546,9.75290475910333,10.61551992202507,11.417730834682809,9.350221217309809,9.785311845927023,1.5350538540317982,9.659275586327828,2021-10,12.56887934515908,12.56887934515908,2.5312238662936486
2021-11-11,10.433509659079874,8.0,25.941666666666663,28.2,85.54166666666667,95,10.595833333333331,16.9,-0.166728048570967,11,315,-0.5000000000000004,0.8660254037844384,-0.7583058084785625,0.6518989958787125,12.56887934515908,9.528143205426382,9.470486380317716,8.075850833922862,9.9228866000359,1.54525616264049,9.665836892029118,2021-11,11.764549420077696,13.095589181075516,2.3450227099249386
2021-11-21,13.095589181075516,0.0,26.808333333333337,29.0,74.79166666666667,90,9.7625,12.6,-0.489439564697373,11,325,-0.5000000000000004,0.8660254037844384,-0.6354323008901775,0.7721565844991641,10.433509659079874,9.75290475910333,7.571265631798117,10.34675583707969,10.712075678504101,1.5547285040340635,9.694658339836229,2021-11,11.764549420077696,13.095589181075516,2.5722754705385986
2021-12-01,16.30268481719588,2.1,26.125,31.3,83.66666666666667,98,7.045833333333333,16.4,-0.3474920091175855,12,335,-2.4492935982947064e-16,1.0,-0.4937755501599774,0.8695893893466109,13.095589181075516,12.56887934515908,8.989983677659456,10.464747926493322,11.756747269866448,2.4205034900887274,9.749725227147561,2021-12,10.919829384949805,16.30268481719588,2.791329807573867
2021-12-11,11.77058351404359,0.2,27.275,31.8,75.83333333333333,91,14.875,20.7,-0.3728822896676305,12,345,-2.4492935982947064e-16,1.0,-0.33752289959411347,0.941317317512847,16.30268481719588,10.433509659079874,10.61551992202507,8.91697556465059,11.921756354440522,2.368551542942027,9.766426535303726,2021-12,10.919829384949805,16.30268481719588,2.465603497277225
2021-12-16,9.081280398015275,2.9,26.258333333333336,30.6,82.25,95,11.566666666666668,15.6,-0.1540798847404186,12,350,-2.4492935982947064e-16,1.0,-0.2553532951161881,0.9668478136052773,11.77058351404359,13.095589181075516,9.528143205426382,9.951485540630742,11.85791881052465,2.448489724886288,9.760810583358737,2021-12,10.919829384949805,16.30268481719588,2.206215196770247
2021-12-21,8.310163861046885,2.0,26.079166666666666,29.7,80.04166666666667,94,13.4375,17.9,-0.2500608131789445,12,355,-2.4492935982947064e-16,1.0,-0.1712931441814778,0.9852201067560606,9.081280398015275,16.30268481719588,9.75290475910333,10.088617854748051,11.651812967945158,2.702737356017886,9.749016707567584,2021-12,10.919829384949805,16.30268481719588,2.1174793284138262
2021-12-26,8.586181015143657,0.0,25.641666666666666,31.1,70.0,89,12.345833333333331,17.9,-0.3288957464411918,12,360,-2.4492935982947064e-16,1.0,-0.0859647987374467,0.9962981749346077,8.310163861046885,11.77058351404359,12.56887934515908,11.417730834682809,11.08285606365724,2.890208761518513,9.739639000370618,2021-12,10.919829384949805,16.30268481719588,2.1501540533378147
2021-12-31,11.468082704253549,2.5,25.7625,30.4,82.54166666666667,93,12.441666666666668,17.1,-0.4611225754824853,12,365,-2.4492935982947064e-16,1.0,6.432490598706546e-16,1.0,8.586181015143657,9.081280398015275,10.433509659079874,9.470486380317716,11.230652212967765,2.8778951512688553,9.753466550001681,2021-12,10.919829384949805,16.30268481719588,2.439567760608781
2022-01-15,9.56966583214686,0.0,27.120833333333337,32.0,79.625,98,8.8375,15.8,-0.3909482650749601,1,15,0.49999999999999994,0.8660254037844387,0.255353295116187,0.9668478136052775,11.468082704253549,8.310163861046885,13.095589181075516,7.571265631798117,10.726948877406528,2.8047147662655956,9.75200781414569,2022-01,11.577992471516207,13.586319110885556,2.258598287629209
2022-01-30,13.586319110885556,1.1,26.679166666666664,30.3,81.75,96,11.133333333333336,19.0,-0.2032506338587171,1,30,0.49999999999999994,0.8660254037844387,0.4937755501599772,0.869589389346611,9.56966583214686,8.586181015143657,16.30268481719588,8.989983677659456,10.33889663364791,1.9677239209847754,9.782199241679075,2022-01,11.577992471516207,13.586319110885556,2.6090633394440483
2022-02-14,10.140043996532484,1.0,26.59583333333333,31.2,73.16666666666667,94,14.604166666666666,20.7,-0.2269146038674487,2,45,0.8660254037844386,0.5000000000000001,0.6994583270516471,0.7146733860429609,13.586319110885556,11.468082704253549,11.77058351404359,10.61551992202507,10.105962416860608,1.863761035184528,9.784994903826368,2022-02,10.140043996532484,10.140043996532484,2.316492338048342
